username,school
Vlttyq1@HRW29Aug2022.EG.eu,HRWtest29Aug2022
ioZPxv2@HRW29Aug2022.EG.eu,HRWtest29Aug2022
GDRIsJ3@HRW29Aug2022.EG.eu,HRWtest29Aug2022
uDM8qF4@HRW29Aug2022.EG.eu,HRWtest29Aug2022
YhPR7x5@HRW29Aug2022.EG.eu,HRWtest29Aug2022
QExkZw6@HRW29Aug2022.EG.eu,HRWtest29Aug2022
GphNUK7@HRW29Aug2022.EG.eu,HRWtest29Aug2022
HEgeJZ8@HRW29Aug2022.EG.eu,HRWtest29Aug2022
AieMl19@HRW29Aug2022.EG.eu,HRWtest29Aug2022
LZpRKq10@HRW29Aug2022.EG.eu,HRWtest29Aug2022
OwixgE11@HRW29Aug2022.EG.eu,HRWtest29Aug2022
kAsseS12@HRW29Aug2022.EG.eu,HRWtest29Aug2022
TeB5Sk13@HRW29Aug2022.EG.eu,HRWtest29Aug2022
7gdDEw14@HRW29Aug2022.EG.eu,HRWtest29Aug2022
ZIEaKA15@HRW29Aug2022.EG.eu,HRWtest29Aug2022
P6eyJV16@HRW29Aug2022.EG.eu,HRWtest29Aug2022
MzJBds17@HRW29Aug2022.EG.eu,HRWtest29Aug2022
Hj0QpZ18@HRW29Aug2022.EG.eu,HRWtest29Aug2022
1Z7DDf19@HRW29Aug2022.EG.eu,HRWtest29Aug2022
H23sKp20@HRW29Aug2022.EG.eu,HRWtest29Aug2022
OEGfXo21@HRW29Aug2022.EG.eu,HRWtest29Aug2022
RJCrGy22@HRW29Aug2022.EG.eu,HRWtest29Aug2022
PbstuS23@HRW29Aug2022.EG.eu,HRWtest29Aug2022
VMEumr24@HRW29Aug2022.EG.eu,HRWtest29Aug2022
bvPUUU25@HRW29Aug2022.EG.eu,HRWtest29Aug2022
stmvzl26@HRW29Aug2022.EG.eu,HRWtest29Aug2022
cZ4iCi27@HRW29Aug2022.EG.eu,HRWtest29Aug2022
pqMz4T28@HRW29Aug2022.EG.eu,HRWtest29Aug2022
JGCjM529@HRW29Aug2022.EG.eu,HRWtest29Aug2022
AieMl130@HRW29Aug2022.EG.eu,HRWtest29Aug2022
LZpRKq31@HRW29Aug2022.EG.eu,HRWtest29Aug2022
OwixgE32@HRW29Aug2022.EG.eu,HRWtest29Aug2022
kAsseS33@HRW29Aug2022.EG.eu,HRWtest29Aug2022
TeB5Sk34@HRW29Aug2022.EG.eu,HRWtest29Aug2022
7gdDEw35@HRW29Aug2022.EG.eu,HRWtest29Aug2022
ZIEaKA36@HRW29Aug2022.EG.eu,HRWtest29Aug2022
P6eyJV37@HRW29Aug2022.EG.eu,HRWtest29Aug2022
MzJBds38@HRW29Aug2022.EG.eu,HRWtest29Aug2022
Hj0QpZ39@HRW29Aug2022.EG.eu,HRWtest29Aug2022
1Z7DDf40@HRW29Aug2022.EG.eu,HRWtest29Aug2022
H23sKp41@HRW29Aug2022.EG.eu,HRWtest29Aug2022
JGCjM542@HRW29Aug2022.EG.eu,HRWtest29Aug2022
HYC6s143@HRW29Aug2022.CG.eu,HRWtest29Aug2022
Q3hwXv44@HRW29Aug2022.CG.eu,HRWtest29Aug2022
KIkG7l45@HRW29Aug2022.CG.eu,HRWtest29Aug2022
76zDta46@HRW29Aug2022.CG.eu,HRWtest29Aug2022
GJ5bit47@HRW29Aug2022.CG.eu,HRWtest29Aug2022
pVAms148@HRW29Aug2022.CG.eu,HRWtest29Aug2022
u58TnW49@HRW29Aug2022.CG.eu,HRWtest29Aug2022
xufdKq50@HRW29Aug2022.CG.eu,HRWtest29Aug2022
nJVTls51@HRW29Aug2022.CG.eu,HRWtest29Aug2022
oqSduF52@HRW29Aug2022.CG.eu,HRWtest29Aug2022
JhuZ6Z53@HRW29Aug2022.CG.eu,HRWtest29Aug2022
dBItUY54@HRW29Aug2022.CG.eu,HRWtest29Aug2022
M5Npou55@HRW29Aug2022.CG.eu,HRWtest29Aug2022
VlIngp56@HRW29Aug2022.CG.eu,HRWtest29Aug2022
WghNQq57@HRW29Aug2022.CG.eu,HRWtest29Aug2022
l0DMCq58@HRW29Aug2022.CG.eu,HRWtest29Aug2022
hSBVEi59@HRW29Aug2022.CG.eu,HRWtest29Aug2022
jC71mN60@HRW29Aug2022.CG.eu,HRWtest29Aug2022
bp6AxC61@HRW29Aug2022.CG.eu,HRWtest29Aug2022
gwhEx262@HRW29Aug2022.CG.eu,HRWtest29Aug2022
BayLRd63@HRW29Aug2022.CG.eu,HRWtest29Aug2022
bIXUul64@HRW29Aug2022.CG.eu,HRWtest29Aug2022
214RMb65@HRW29Aug2022.CG.eu,HRWtest29Aug2022
ovuIcu66@HRW29Aug2022.CG.eu,HRWtest29Aug2022
nQrII967@HRW29Aug2022.CG.eu,HRWtest29Aug2022
qUO0e068@HRW29Aug2022.CG.eu,HRWtest29Aug2022
T450cg69@HRW29Aug2022.CG.eu,HRWtest29Aug2022
un1DyO70@HRW29Aug2022.CG.eu,HRWtest29Aug2022
us0wKS71@HRW29Aug2022.CG.eu,HRWtest29Aug2022
s7JV3872@HRW29Aug2022.CG.eu,HRWtest29Aug2022
q25Y3T73@HRW29Aug2022.CG.eu,HRWtest29Aug2022
xNJrkg74@HRW29Aug2022.CG.eu,HRWtest29Aug2022
MPnQI275@HRW29Aug2022.CG.eu,HRWtest29Aug2022
vXf9jX76@HRW29Aug2022.CG.eu,HRWtest29Aug2022
bp6AxC77@HRW29Aug2022.CG.eu,HRWtest29Aug2022
gwhEx278@HRW29Aug2022.CG.eu,HRWtest29Aug2022
BayLRd79@HRW29Aug2022.CG.eu,HRWtest29Aug2022
bIXUug80@HRW29Aug2022.CG.eu,HRWtest29Aug2022
214RM581@HRW29Aug2022.CG.eu,HRWtest29Aug2022


