username;school
z8JUmdTOiJK1df@RIAS14Jan2022.eu;RIAS14Jan2022
wjt0bTJYx1K2gf@RIAS14Jan2022.eu;RIAS14Jan2022
tQYzeHPa0SK3hf@RIAS14Jan2022.eu;RIAS14Jan2022
MFk2xu4dEcK4bf@RIAS14Jan2022.eu;RIAS14Jan2022
Vk6kAkWOOFK5ng@RIAS14Jan2022.eu;RIAS14Jan2022
T8FOmst6ePK6j6@RIAS14Jan2022.eu;RIAS14Jan2022
nkiLp6oca2K7ng@RIAS14Jan2022.eu;RIAS14Jan2022
izRw6iUa8qK8nk@RIAS14Jan2022.eu;RIAS14Jan2022
FDCUwF2INAK9xs@RIAS14Jan2022.eu;RIAS14Jan2022
9xy8E2r2mPK10xW@RIAS14Jan2022.eu;RIAS14Jan2022
4mffnSyZeQK11HY@RIAS14Jan2022.eu;RIAS14Jan2022
zMRPsVmWByK12sg@RIAS14Jan2022.eu;RIAS14Jan2022
OXbQ8jJ2A0K13fc@RIAS14Jan2022.eu;RIAS14Jan2022
YFaoXBUNURK14ih@RIAS14Jan2022.eu;RIAS14Jan2022
WGIwIqNyFgK15gr@RIAS14Jan2022.eu;RIAS14Jan2022
6mrgYywDRhK16ea@RIAS14Jan2022.eu;RIAS14Jan2022
M6SgdtPtD6K173d@RIAS14Jan2022.eu;RIAS14Jan2022
wwGrS6zXxWK18cd@RIAS14Jan2022.eu;RIAS14Jan2022
zczmaWaRZeK19nk@RIAS14Jan2022.eu;RIAS14Jan2022
fDNQTjumn3K20f2@RIAS14Jan2022.eu;RIAS14Jan2022
6tYwOjB9C0K2143@RIAS14Jan2022.eu;RIAS14Jan2022
sXNUvWgTXaK22yh@RIAS14Jan2022.eu;RIAS14Jan2022
n5yc5PR79BK23bn@RIAS14Jan2022.eu;RIAS14Jan2022
3XLCZ0UpV3K24fs@RIAS14Jan2022.eu;RIAS14Jan2022
hEMk4B37rUK25qd@RIAS14Jan2022.eu;RIAS14Jan2022
TapUEkRPfRK26uj@RIAS14Jan2022.eu;RIAS14Jan2022
DmlXX23B2eK27qk@RIAS14Jan2022.eu;RIAS14Jan2022
XHsyxshFnMK28my@RIAS14Jan2022.eu;RIAS14Jan2022
gQ1nDQOrH0K29eq@RIAS14Jan2022.eu;RIAS14Jan2022
75KWNyQYc7K30re@RIAS14Jan2022.eu;RIAS14Jan2022
ZwSzFAweRSK31yr@RIAS14Jan2022.eu;RIAS14Jan2022
CY1hoqb9tdK32vg@RIAS14Jan2022.eu;RIAS14Jan2022
uneS2vwpRHK33as@RIAS14Jan2022.eu;RIAS14Jan2022
2XsK5bXGWlK34et@RIAS14Jan2022.eu;RIAS14Jan2022
um026APy7wK35u6@RIAS14Jan2022.eu;RIAS14Jan2022
DZEBsMpyP3K3687@RIAS14Jan2022.eu;RIAS14Jan2022
0O4Sz4GN9TK37fd@RIAS14Jan2022.eu;RIAS14Jan2022
5m0OZKqD6LK38cf@RIAS14Jan2022.eu;RIAS14Jan2022
37X9XEIOzVK394w@RIAS14Jan2022.eu;RIAS14Jan2022
IvOzx4gvKIK40lp@RIAS14Jan2022.eu;RIAS14Jan2022