https://swipeit.couragecompanion.eu/mailto:,username,username,school
https://swipeit.couragecompanion.eu/mailto:,TEST1g@ItalyRIAS1June2023.eu,https://swipeit.couragecompanion.eu/mailto:TEST1g@ItalyRIAS1June2023.eu,ItalyRIAS1June2023TEST
https://swipeit.couragecompanion.eu/mailto:,TEST2g@ItalyRIAS1June2023.eu,https://swipeit.couragecompanion.eu/mailto:TEST2g@ItalyRIAS1June2023.eu,ItalyRIAS1June2023TEST
https://swipeit.couragecompanion.eu/mailto:,TEST3g@ItalyRIAS1June2023.eu,https://swipeit.couragecompanion.eu/mailto:TEST3g@ItalyRIAS1June2023.eu,ItalyRIAS1June2023TEST
https://swipeit.couragecompanion.eu/mailto:,TEST4g@ItalyRIAS1June2023.eu,https://swipeit.couragecompanion.eu/mailto:TEST4g@ItalyRIAS1June2023.eu,ItalyRIAS1June2023TEST
https://swipeit.couragecompanion.eu/mailto:,TEST5g@ItalyRIAS1June2023.eu,https://swipeit.couragecompanion.eu/mailto:TEST5g@ItalyRIAS1June2023.eu,ItalyRIAS1June2023TEST
https://swipeit.couragecompanion.eu/mailto:,TEST6g@ItalyRIAS1June2023.eu,https://swipeit.couragecompanion.eu/mailto:TEST6g@ItalyRIAS1June2023.eu,ItalyRIAS1June2023TEST
https://swipeit.couragecompanion.eu/mailto:,TEST7g@ItalyRIAS1June2023.eu,https://swipeit.couragecompanion.eu/mailto:TEST7g@ItalyRIAS1June2023.eu,ItalyRIAS1June2023TEST
https://swipeit.couragecompanion.eu/mailto:,TEST8g@ItalyRIAS1June2023.eu,https://swipeit.couragecompanion.eu/mailto:TEST8g@ItalyRIAS1June2023.eu,ItalyRIAS1June2023TEST
https://swipeit.couragecompanion.eu/mailto:,TEST9g@ItalyRIAS1June2023.eu,https://swipeit.couragecompanion.eu/mailto:TEST9g@ItalyRIAS1June2023.eu,ItalyRIAS1June2023TEST
https://swipeit.couragecompanion.eu/mailto:,TEST10g@ItalyRIAS1June2023.eu,https://swipeit.couragecompanion.eu/mailto:TEST10g@ItalyRIAS1June2023.eu,ItalyRIAS1June2023TEST
https://swipeit.couragecompanion.eu/mailto:,TEST11g@ItalyRIAS1June2023.eu,https://swipeit.couragecompanion.eu/mailto:TEST11g@ItalyRIAS1June2023.eu,ItalyRIAS1June2023TEST
https://swipeit.couragecompanion.eu/mailto:,TEST12g@ItalyRIAS1June2023.eu,https://swipeit.couragecompanion.eu/mailto:TEST12g@ItalyRIAS1June2023.eu,ItalyRIAS1June2023TEST
https://swipeit.couragecompanion.eu/mailto:,TEST13g@ItalyRIAS1June2023.eu,https://swipeit.couragecompanion.eu/mailto:TEST13g@ItalyRIAS1June2023.eu,ItalyRIAS1June2023TEST
https://swipeit.couragecompanion.eu/mailto:,TEST14g@ItalyRIAS1June2023.eu,https://swipeit.couragecompanion.eu/mailto:TEST14g@ItalyRIAS1June2023.eu,ItalyRIAS1June2023TEST
https://swipeit.couragecompanion.eu/mailto:,TEST15g@ItalyRIAS1June2023.eu,https://swipeit.couragecompanion.eu/mailto:TEST15g@ItalyRIAS1June2023.eu,ItalyRIAS1June2023TEST
https://swipeit.couragecompanion.eu/mailto:,TEST16g@ItalyRIAS1June2023.eu,https://swipeit.couragecompanion.eu/mailto:TEST16g@ItalyRIAS1June2023.eu,ItalyRIAS1June2023TEST
https://swipeit.couragecompanion.eu/mailto:,TEST17g@ItalyRIAS1June2023.eu,https://swipeit.couragecompanion.eu/mailto:TEST17g@ItalyRIAS1June2023.eu,ItalyRIAS1June2023TEST
https://swipeit.couragecompanion.eu/mailto:,TEST18g@ItalyRIAS1June2023.eu,https://swipeit.couragecompanion.eu/mailto:TEST18g@ItalyRIAS1June2023.eu,ItalyRIAS1June2023TEST
https://swipeit.couragecompanion.eu/mailto:,TEST19g@ItalyRIAS1June2023.eu,https://swipeit.couragecompanion.eu/mailto:TEST19g@ItalyRIAS1June2023.eu,ItalyRIAS1June2023TEST
https://swipeit.couragecompanion.eu/mailto:,TESTg0g@ItalyRIAS1June2023.eu,https://swipeit.couragecompanion.eu/mailto:TESTg0g@ItalyRIAS1June2023.eu,ItalyRIAS1June2023TEST
https://swipeit.couragecompanion.eu/mailto:,TESTg1g@ItalyRIAS1June2023.eu,https://swipeit.couragecompanion.eu/mailto:TESTg1g@ItalyRIAS1June2023.eu,ItalyRIAS1June2023TEST
https://swipeit.couragecompanion.eu/mailto:,TESTg2g@ItalyRIAS1June2023.eu,https://swipeit.couragecompanion.eu/mailto:TESTg2g@ItalyRIAS1June2023.eu,ItalyRIAS1June2023TEST
https://swipeit.couragecompanion.eu/mailto:,TESTg3g@ItalyRIAS1June2023.eu,https://swipeit.couragecompanion.eu/mailto:TESTg3g@ItalyRIAS1June2023.eu,ItalyRIAS1June2023TEST
https://swipeit.couragecompanion.eu/mailto:,TESTg4g@ItalyRIAS1June2023.eu,https://swipeit.couragecompanion.eu/mailto:TESTg4g@ItalyRIAS1June2023.eu,ItalyRIAS1June2023TEST
https://swipeit.couragecompanion.eu/mailto:,TESTg5g@ItalyRIAS1June2023.eu,https://swipeit.couragecompanion.eu/mailto:TESTg5g@ItalyRIAS1June2023.eu,ItalyRIAS1June2023TEST
https://swipeit.couragecompanion.eu/mailto:,TESTg6g@ItalyRIAS1June2023.eu,https://swipeit.couragecompanion.eu/mailto:TESTg6g@ItalyRIAS1June2023.eu,ItalyRIAS1June2023TEST
https://swipeit.couragecompanion.eu/mailto:,TESTg7g@ItalyRIAS1June2023.eu,https://swipeit.couragecompanion.eu/mailto:TESTg7g@ItalyRIAS1June2023.eu,ItalyRIAS1June2023TEST
https://swipeit.couragecompanion.eu/mailto:,TESTg8g@ItalyRIAS1June2023.eu,https://swipeit.couragecompanion.eu/mailto:TESTg8g@ItalyRIAS1June2023.eu,ItalyRIAS1June2023TEST
https://swipeit.couragecompanion.eu/mailto:,TESTg9g@ItalyRIAS1June2023.eu,https://swipeit.couragecompanion.eu/mailto:TESTg9g@ItalyRIAS1June2023.eu,ItalyRIAS1June2023TEST
https://swipeit.couragecompanion.eu/mailto:,TEST30g@ItalyRIAS1June2023.eu,https://swipeit.couragecompanion.eu/mailto:TEST30g@ItalyRIAS1June2023.eu,ItalyRIAS1June2023TEST
https://swipeit.couragecompanion.eu/mailto:,TEST31g@ItalyRIAS1June2023.eu,https://swipeit.couragecompanion.eu/mailto:TEST31g@ItalyRIAS1June2023.eu,ItalyRIAS1June2023TEST
https://swipeit.couragecompanion.eu/mailto:,TEST32g@ItalyRIAS1June2023.eu,https://swipeit.couragecompanion.eu/mailto:TEST32g@ItalyRIAS1June2023.eu,ItalyRIAS1June2023TEST
https://swipeit.couragecompanion.eu/mailto:,TEST33g@ItalyRIAS1June2023.eu,https://swipeit.couragecompanion.eu/mailto:TEST33g@ItalyRIAS1June2023.eu,ItalyRIAS1June2023TEST
https://swipeit.couragecompanion.eu/mailto:,TEST34g@ItalyRIAS1June2023.eu,https://swipeit.couragecompanion.eu/mailto:TEST34g@ItalyRIAS1June2023.eu,ItalyRIAS1June2023TEST
https://swipeit.couragecompanion.eu/mailto:,TEST35g@ItalyRIAS1June2023.eu,https://swipeit.couragecompanion.eu/mailto:TEST35g@ItalyRIAS1June2023.eu,ItalyRIAS1June2023TEST
https://swipeit.couragecompanion.eu/mailto:,TEST36g@ItalyRIAS1June2023.eu,https://swipeit.couragecompanion.eu/mailto:TEST36g@ItalyRIAS1June2023.eu,ItalyRIAS1June2023TEST
https://swipeit.couragecompanion.eu/mailto:,TEST37g@ItalyRIAS1June2023.eu,https://swipeit.couragecompanion.eu/mailto:TEST37g@ItalyRIAS1June2023.eu,ItalyRIAS1June2023TEST
https://swipeit.couragecompanion.eu/mailto:,TEST38g@ItalyRIAS1June2023.eu,https://swipeit.couragecompanion.eu/mailto:TEST38g@ItalyRIAS1June2023.eu,ItalyRIAS1June2023TEST
https://swipeit.couragecompanion.eu/mailto:,TEST39g@ItalyRIAS1June2023.eu,https://swipeit.couragecompanion.eu/mailto:TEST39g@ItalyRIAS1June2023.eu,ItalyRIAS1June2023TEST
https://swipeit.couragecompanion.eu/mailto:,TEST40g@ItalyRIAS1June2023.eu,https://swipeit.couragecompanion.eu/mailto:TEST40g@ItalyRIAS1June2023.eu,ItalyRIAS1June2023TEST
https://swipeit.couragecompanion.eu/mailto:,TEST41g@ItalyRIAS1June2023.eu,https://swipeit.couragecompanion.eu/mailto:TEST41g@ItalyRIAS1June2023.eu,ItalyRIAS1June2023TEST
https://swipeit.couragecompanion.eu/mailto:,TEST42g@ItalyRIAS1June2023.eu,https://swipeit.couragecompanion.eu/mailto:TEST42g@ItalyRIAS1June2023.eu,ItalyRIAS1June2023TEST
https://swipeit.couragecompanion.eu/mailto:,TEST43g@ItalyRIAS1June2023.eu,https://swipeit.couragecompanion.eu/mailto:TEST43g@ItalyRIAS1June2023.eu,ItalyRIAS1June2023TEST
https://swipeit.couragecompanion.eu/mailto:,TEST44g@ItalyRIAS1June2023.eu,https://swipeit.couragecompanion.eu/mailto:TEST44g@ItalyRIAS1June2023.eu,ItalyRIAS1June2023TEST
https://swipeit.couragecompanion.eu/mailto:,TEST45g@ItalyRIAS1June2023.eu,https://swipeit.couragecompanion.eu/mailto:TEST45g@ItalyRIAS1June2023.eu,ItalyRIAS1June2023TEST
https://swipeit.couragecompanion.eu/mailto:,TEST46g@ItalyRIAS1June2023.eu,https://swipeit.couragecompanion.eu/mailto:TEST46g@ItalyRIAS1June2023.eu,ItalyRIAS1June2023TEST
https://swipeit.couragecompanion.eu/mailto:,TEST47g@ItalyRIAS1June2023.eu,https://swipeit.couragecompanion.eu/mailto:TEST47g@ItalyRIAS1June2023.eu,ItalyRIAS1June2023TEST
https://swipeit.couragecompanion.eu/mailto:,TEST48g@ItalyRIAS1June2023.eu,https://swipeit.couragecompanion.eu/mailto:TEST48g@ItalyRIAS1June2023.eu,ItalyRIAS1June2023TEST
https://swipeit.couragecompanion.eu/mailto:,TEST49g@ItalyRIAS1June2023.eu,https://swipeit.couragecompanion.eu/mailto:TEST49g@ItalyRIAS1June2023.eu,ItalyRIAS1June2023TEST
https://swipeit.couragecompanion.eu/mailto:,TEST50g@ItalyRIAS1June2023.eu,https://swipeit.couragecompanion.eu/mailto:TEST50g@ItalyRIAS1June2023.eu,ItalyRIAS1June2023TEST